Postal Code,Latitude,Longitude
9120,51.21395164485779,4.241424192342918
7062,50.548012339069835,4.100931494300653
1005,50.87298266192055,4.375234148039785
3960,51.14058541231272,5.636412026020706
8340,51.242984753181155,3.3526971798341947
4607,50.728569832193,5.741479660950062
4730,50.707875064250665,6.06781126323219
4050,50.58522465817122,5.6444051822288746
4601,50.70207095830987,5.688323937396018
7320,50.480332045342706,3.647114170315043
2900,51.26417701511706,4.508194509964705
5500,50.228545842808934,4.90622118525634
5542,50.19203680336448,4.8407337935185675
3550,51.00902295258934,5.294774004254104
3793,50.752388289041704,5.872385566958153
3803,50.83301023422726,5.147664225873109
3830,50.84595525055639,5.336452655385173
8430,51.17815500112932,2.8368380598056255
6662,50.104656740274564,5.844017287644833
6860,49.80698722514835,5.6099619087915436
4317,50.65927815315745,5.2435332996051995
7950,50.57418829736578,3.8079366251543827
5002,50.47869396859471,4.838488417206432
3832,50.84458399365827,5.290647724109565
1970,50.84309057749016,4.492424812620597
4550,50.521984968720844,5.385171379484152
4653,50.65978684223363,5.758240678205082
7900,50.59212889282027,3.6154793651811903
1430,50.65387528143722,4.124926940143261
1476,50.575783513789226,4.410456750172978
2110,51.229586673387296,4.516867253463567
6880,49.84977519876712,5.240492986044481
3051,50.80458708010642,4.650360859796001
5004,50.478874984040665,4.893869705686034
9042,51.161780043746816,3.810343889705428
9520,50.9399317811508,3.9054061642290923
4987,50.42261730261762,5.787930660775993
7130,50.43277241381592,4.091806919824024
7603,50.49830025259294,3.613561374498213
7041,50.37493720462305,4.024781199341022
2160,51.20678750787161,4.518952239348571
4253,50.66735930571338,5.194486533626656
4950,50.50290789629794,6.1314033893304325
7904,50.59212889282027,3.6154793651811903
7070,50.51427419126255,4.120027302711064
1000,50.853812373745676,4.369278654960959
2223,51.02869754911989,4.697724012817591
2800,51.03007676437425,4.468101716569333
5100,50.41121198572444,4.899775924422468
7170,50.50169979774876,4.2454380952875646
1402,50.589972355763386,4.378963304808165
2400,51.241515872832345,5.1221318711285955
5573,50.126433277720075,5.007125330137938
8000,51.232646001171425,3.2071828570336303
8400,51.204054302137884,2.920364240174513
8630,51.044271735015755,2.6418910560283257
8670,51.121346604412906,2.700626980557324
6953,50.130211961412996,5.2831318208857105
9401,50.81752760603058,4.005803312914622
7784,50.73920926750211,2.9191502380038523
5380,50.546491169184726,4.982835996473257
3621,50.928556465051244,5.661986840544107
3770,50.80891991474512,5.598513740289083
3790,50.74114642464831,5.833251300589162
8210,51.13670159091553,3.1364537581236362
8490,51.18656071645014,3.087844865344226
6666,50.167698427407615,5.7210462844278105
6690,50.24765540036063,5.811034974448453
6730,49.686161342951024,5.512110597659552
6747,49.61238072490389,5.653187325004047
3440,50.843150737095876,5.118295088901426
3150,50.97836723301938,4.633056953501904
3404,50.765882457050026,5.099306592202783
3290,51.01216806865579,5.098913716877939
5561,50.22314318428099,5.007105967209664
3723,50.84294090670337,5.399067226481186
3910,51.230977155710605,5.444661036360133
9,50.99895330058122,4.981617466438012
4453,50.708868602680006,5.547836209240529
6536,50.29902859457919,4.338563216834223
9988,51.27265892988695,3.642019715836148
9400,50.84648981107948,4.023746600967054
3581,51.090098965515864,5.248218029108467
3717,50.72596086466414,5.425422103675053
3980,51.054783189174685,5.069536263946347
8553,50.80839107751576,3.4215637822902787
8700,50.99997764926436,3.3374069061288845
3120,50.99429271970909,4.709198894538122
2150,51.19145932067747,4.487687146271747
2387,51.41641400189452,4.903894210159396
1460,50.64085582622058,4.259715332494394
4730,50.649166334686754,6.140831297731922
4480,50.54940848302819,5.390638932115777
4910,50.479293293663225,5.792942482132827
7330,50.4500706332298,3.8172904337168116
5537,50.3335869684532,4.796803952608396
6853,49.92614724730353,5.161248013672438
9270,51.03888355150804,3.8572563876425936
9290,51.02452070785009,3.9594524507697386
4140,50.507415279953975,5.6370035682496304
4780,50.284535167130564,6.144925075596327
7611,50.52946413753035,3.306893241964832
1404,50.6042547788242,4.2629198483323
2520,51.1851724480689,4.599904016207306
7370,50.39099245390335,3.8001487818072714
7321,50.50207166780633,3.656865761710339
7608,50.50753481051892,3.5318351790340086
1315,50.6951830376784,4.788379199533981
4620,50.61824452614199,5.683137791030607
6681,50.05028143591854,5.480509278699119
6792,49.57175881836431,5.75801069233419
5352,50.460277864723565,5.175428601096177
5522,50.284685553110265,4.797119069820602
3512,50.91740580040002,5.247989672177129
8560,50.83983510732439,3.1507135657129837
6830,49.7690492821049,5.118811913985813
3128,51.00532033491213,4.748688160616197
1731,50.90119406509116,4.279490957617121
9968,51.23188747088605,3.675027437464864
9041,51.103064477304066,3.772807392554319
4623,50.60129962416622,5.686458271555588
4431,50.666242681486686,5.4966005840809276
4600,50.73709797041671,5.701782207365342
7521,50.5862481736304,3.412335241590891
6567,50.321764997657006,4.190430142008371
1070,50.828980275263795,4.292904442200332
2860,51.064188891317116,4.514746404462987
2470,51.267067940052925,5.07679040926115
2460,51.22543459542968,4.912232894257663
2890,51.062738850754315,4.240558354848952
2140,51.2119968157408,4.444865773892291
9402,50.819933611266514,4.047828651322145
9920,51.10476775744932,3.622449773263771
9030,51.07386417979972,3.6785357740312907
6181,50.49356069435289,4.321858639805036
7301,50.42392561275431,3.8208323149960965
1410,50.70976366812478,4.403520554166193
2350,51.30529427138714,4.885090740973934
8791,50.87235752687971,3.345056110746947
8880,50.87492645636235,3.1513772152801423
8460,51.19721509326913,2.998147048625271
5101,50.456610659386854,4.946185429338447
3930,51.26942532941101,5.481430155210708
4280,50.67444666979321,5.083404367538335
7972,50.55370748488333,3.694148224086389
612,50.87298266192055,4.375234148039785
2030,51.248447820724365,4.376134025032607
1804,50.93012891009888,4.428578360497885
9950,51.15208538001621,3.6096560081033076
8904,50.89559226356297,2.865255587209115
1105,50.87298266192055,4.375234148039785
2320,51.399348468595555,4.742741597146226
9860,50.933609936771354,3.7703436593791997
6781,49.61176867222083,5.855063999433785
6110,50.37221819422906,4.377794034073585
7604,50.55086938268508,3.536924130255559
2431,51.06274475941587,4.979785860950487
6920,50.065483546895,5.111386048020265
5351,50.441864713360246,5.147327658298041
8978,50.847277895421854,2.6407127152519636
3300,50.80922727420936,4.941172558459968
1950,50.845386982127444,4.471344481505892
9700,50.848018865686875,3.611088262898648
9770,50.916145054810755,3.5299631913517944
4650,50.60668764857255,5.806874439823573
2170,51.25156639821808,4.44450162313264
2630,51.13183400239181,4.382521989987779
1006,50.87298266192055,4.375234148039785
6950,50.1175874690849,5.367278074686654
3381,50.887760594878145,4.958995562242453
4020,50.639959100598105,5.638561209383813
7712,50.721852963883954,3.240635140304602
3061,50.84555719400637,4.590807805833395
9400,50.795727309381256,4.014183549287835
9960,51.228166383700824,3.756207077499878
7642,50.575331826236805,3.431836204544051
6543,50.35496568123008,4.214267005222947
7387,50.349281749956276,3.7333268452111716
1348,50.67146356031946,4.584311991418305
1470,50.59623200805342,4.481721401439023
2660,51.17680075275425,4.349449465701912
3511,50.95185535242305,5.301449126036597
8793,50.89985376070436,3.396984910260643
4032,50.614135660989234,5.623582074795952
7536,50.59123450717168,3.4415599804543526
7141,50.442037889702995,4.256948981157719
7191,50.56896913004575,4.1634062777021885
9300,50.941780843882924,4.047007532896995
4671,50.65534079444836,5.674857738316832
5170,50.38843943711718,4.8264040094071285
6698,50.32371252905669,5.907434542453936
6836,49.792793746138756,5.1354266792414425
6921,50.06655938330617,5.15517535823723
1670,50.75588535895773,4.162898746828571
3460,50.93685110466318,4.972034148406212
1082,50.86465279974552,4.293920189965437
9970,51.22723496446966,3.6164435324640904
4721,50.72570477776681,6.012157629321648
4350,50.686005865390605,5.331842860471897
7511,50.602611637589625,3.347229563836705
9660,50.804414751954994,3.7639609001757734
6180,50.46129976005874,4.371924010502227
7060,50.61194257686289,4.030440932890032
3890,50.73831294896235,5.175805996786182
6929,50.003839490814315,5.06712904861771
1357,50.75655859247487,4.98531372583491
1367,50.6450470427425,4.867898985361501
1428,50.64114510796939,4.366142301894997
2970,51.25282552271659,4.594469949585567
5620,50.22859428096972,4.682579832709662
4530,50.593163322500004,5.222214523554705
7890,50.71588222284948,3.727212389829618
6238,50.51380992517715,4.425481448298368
5330,50.36606853931639,5.020871557528589
3384,50.86937462434681,4.921409000971563
2340,51.32032913642496,4.834400497031085
2440,51.16646686399132,4.984736550693137
3190,50.97551341323077,4.578350830548796
9800,50.98786919100002,3.5164337686649905
4360,50.718706886537056,5.3547688508954465
6280,50.36017223758737,4.523242741162944
5330,50.37122276200273,4.942849651844251
4683,50.69624198676869,5.654562602832895
4654,50.67624576270806,5.807628310761868
2050,51.248447820724365,4.376134025032607
4122,50.54389010297114,5.527872583036606
7542,50.66555402764512,3.410802212427557
6111,50.387888119787554,4.352541315701001
7520,50.647346386472826,3.2825253115172197
2480,51.241515872832345,5.1221318711285955
5310,50.589589303738954,4.9097344895319806
3792,50.72648833858975,5.825715333771312
8620,51.108205475195454,2.7795516374437015
6767,49.53508203015487,5.499749051664374
3211,50.87243034807027,4.8924806024977405
1910,50.94874989926418,4.570642620178585
4101,50.61819164237959,5.497986977613582
4900,50.472024262928485,5.86707384966682
7640,50.54545345708928,3.4944897055267035
7502,50.57622769425181,3.2956711060824793
6223,50.52221118069762,4.529837788789084
5520,50.237701808655856,4.764893238436779
5070,50.3948193471962,4.691483360689996
3940,51.11791085898852,5.341586539050862
8420,51.29866846302454,3.0922383231618036
8780,50.93059447967373,3.3372204211631344
6760,49.6024106010902,5.586439661915086
3391,50.89595675363268,4.9151565863386395
9500,50.820983674896276,3.8868636876065725
1342,50.68379979985528,4.5584085198370445
2240,51.22069321522656,4.665552049419401
5520,50.24596761096666,4.850650076002723
4682,50.72881647641451,5.631443900586804
4460,50.64214218719312,5.42914187160935
7621,50.52075635830985,3.3875169749252834
7866,50.68396490547971,3.8632562963582977
1099,50.87298266192055,4.375234148039785
5646,50.278681857417574,4.661128895795521
5563,50.16232806783965,5.030921755689385
8600,51.0547539517997,2.8727490452451248
6720,49.74650799227212,5.659611775346301
1850,50.940765638040666,4.3851759462201425
9000,51.053260703972086,3.720262345300755
7812,50.628632330168784,3.725435693581204
2260,51.118648677888004,4.893322739960348
2811,51.02601332098993,4.400356854897055
3630,50.97378286902597,5.652242272891972
8380,51.319188488680844,3.1984127435592233
6982,50.20224682438749,5.670560135809374
1733,50.909272565714325,4.186788555395837
8930,50.804089742749824,3.1215173255091266
3400,50.76667903877654,5.039508072145607
8530,50.84348326097594,3.317611496271605
1701,50.83153616046334,4.232494457999711
9310,50.95430084590078,4.101311151466272
4728,50.709171658711334,6.030889633776085
7503,50.62489136694395,3.346537083665326
7622,50.52282341554432,3.4445838928066204
1435,50.64437790193214,4.610583193636526
1480,50.68403302110266,4.1943623736711
9099,51.115287374583325,3.738386889083249
4850,50.710827133860704,5.950799963358972
4731,50.69859390393582,6.0960472439258755
7530,50.59532756736342,3.483051868633904
1041,50.87298266192055,4.375234148039785
3700,50.781684646613506,5.466938591585194
8431,51.17815500112932,2.8368380598056255
6952,50.14607474972478,5.3926796747107195
1750,50.820531678444624,4.179767578395023
9820,50.99390732762893,3.746326283353625
4160,50.479093496502465,5.5228972877804905
4960,50.453739832613685,6.043258899461595
5564,50.149633736117195,5.067139267601601
5555,49.91362049811571,4.998335027623808
5360,50.34906234313159,5.160500843183148
8552,50.77320484048642,3.3859126303006803
6890,49.975033875368666,5.235608802219327
9240,51.06733279544228,4.035908298040555
4841,50.66552462291628,5.926423757666302
7548,50.61090861965755,3.4324931541870596
5031,50.58043804844668,4.76821828718657
8520,50.86016289078808,3.27159421386401
1932,50.86860468071333,4.444164020555327
3070,50.884684436386145,4.538103844626135
1000,50.822325604082295,4.377065860435231
1390,50.75149334838617,4.673104738692169
2235,51.04722426784125,4.802118046978261
9150,51.1482626061719,4.285333793866953
9810,50.95655594080886,3.595768004762264
5080,50.51802156697481,4.823040677097621
3640,51.17115647372937,5.72880856924644
6983,50.130140819937175,5.628599161615838
1541,50.70447653722278,3.9925589861453323
3270,50.97091251522217,4.977675317891447
2310,51.35514942435804,4.7674942745236395
2845,51.10729376871485,4.33556593193733
2060,51.248447820724365,4.376134025032607
2627,51.12267361693446,4.342687429249923
2382,51.44976104267063,5.052107033848186
9473,50.89809663996499,4.050302142583166
7864,50.73219062587638,3.86465888313695
1654,50.748563374114006,4.274053226347698
5640,50.3263285233684,4.650508996795713
1653,50.733773934276996,4.298649637605856
4761,50.45179830084449,6.305604104635684
4877,50.58736496113965,5.731972613312919
4670,50.680270695887955,5.747660575405222
4652,50.61078931878826,5.771850776307537
7740,50.68821665184891,3.328838749789718
7332,50.50994439203581,3.779560383207146
7010,50.4951508161205,3.972124117938859
6500,50.213805173417235,4.24543910724317
7624,50.5162241204786,3.349949848814559
7130,50.41072051574393,4.175446206829685
9900,51.19431839992802,3.5623319136868963
6150,50.403614438638385,4.265665841285156
7602,50.544858985703385,3.597161038111336
6010,50.38738594793574,4.471682428951614
3790,50.75435482321066,5.712420603108801
8583,50.74897050321547,3.405276865798134
6690,50.28124402586553,5.988170180603465
3020,50.90898399648882,4.642821496825906
5340,50.4076707290065,5.0704560512873025
5576,50.05045280411518,5.001612601787774
5570,50.08384330829393,5.040325265896285
8434,51.15486680637328,2.7761610348929397
8972,50.88590312626407,2.6565612254087987
6782,49.61018109325086,5.764544551734923
1703,50.83953171216256,4.199980231053451
6211,50.503548344357434,4.482079376421948
2620,51.14373586065193,4.340183148796095
9140,51.140756480974794,4.216570683439023
4570,50.473945293960455,5.233448550941895
6464,50.00089209592164,4.357438686155878
6044,50.439827627940524,4.390184365559585
6030,50.40979153641901,4.4003850453821665
6230,50.51181207915504,4.390802624362681
2870,51.072368741393966,4.291591868087934
5364,50.36563070490373,5.124727454236162
6769,49.61163093704924,5.480048194278173
1650,50.76625120592787,4.312619251793211
8582,50.75878665269722,3.426397560847429
5524,50.24089758548294,4.811848147548683
8790,50.878530359819216,3.426441012327737
6920,50.05849398713359,5.056586197743311
4040,50.67921179186858,5.624363334016105
7803,50.653011856041736,3.755902905774185
1000,50.87298266192055,4.375234148039785
2275,51.252365619447,4.822425937160039
2950,51.33395441181101,4.443787769978329
3111,50.948083381242256,4.767193984031677
1560,50.76103393358512,4.450819430141942
1674,50.737711397804,4.1587223583369575
3053,50.81690502548463,4.705482591274831
9881,51.09168561675328,3.4977257175846765
9571,50.80897937344392,3.8629835042889376
7512,50.637541773166404,3.3845370472413023
7620,50.5449124056137,3.3992738246942347
7300,50.428770523273045,3.788860299004143
1700,50.84856042288083,4.2578958901376485
4560,50.420737448736794,5.369765408196325
6594,50.005375479855154,4.162295575481096
7783,50.72755766166643,2.8780756030848824
2801,51.048896156279405,4.409688494262013
5600,50.16289384914997,4.571891599680242
5641,50.3095092940113,4.70307395011975
5501,50.28922251728592,4.9526064024415
5150,50.42119091720402,4.77748662433658
8610,51.0244017181459,2.9995172539979014
8755,51.05512431930623,3.382269724086246
6660,50.12884928984165,5.785168385349334
1820,50.908686915761194,4.512768329408151
1502,50.71036726580038,4.217983586174801
5550,49.81215041837728,4.9131328842918345
8830,50.98182637352017,3.0640233035166684
3401,50.718032360518414,5.087728599429149
3210,50.88357963294684,4.835081689733584
1501,50.73746200178331,4.262453273944151
9771,50.882928824884424,3.5027556718941995
4181,50.42561167704621,5.57670059087153
1060,50.829476307319766,4.344697581912635
1300,50.69801921281275,4.5719102975057
6990,50.268167181605,5.451885055651398
3650,51.03297006986552,5.70023659884594
3665,51.00403806391602,5.570947431025026
8750,51.06781205827559,3.28867923741712
9630,50.87804896694438,3.7346053432296387
4608,50.714506071689094,5.777538738447603
1081,50.86301498471678,4.324083268779553
2330,51.370433742714766,4.870213713566063
1547,50.71066390957348,3.9321743559343343
9400,50.85407606035612,3.9665052522195245
7501,50.602611637589625,3.347229563836705
7870,50.56446331467332,3.9475828957169266
3570,50.878408298677975,5.290565432675959
6750,49.56614956268711,5.700188781552907
6762,49.54165370769686,5.530606033964006
5374,50.35341140252153,5.315597145107968
5572,50.12749275678512,5.044689986719531
5580,50.15164063847288,5.170062938055328
6820,49.688935334473356,5.320695987212549
3293,50.97915616259631,5.028035926090064
9403,50.80217727662278,4.061660845254389
9572,50.80264947555913,3.817041723218188
4610,50.63300984234396,5.671567293582618
4800,50.56914523874434,5.879655823611434
7543,50.65395242995072,3.438963243139209
7903,50.59531937409011,3.6568557842774476
6075,50.47084791169866,4.5358954856785685
1301,50.7168861193855,4.581594841842499
1330,50.7122118597938,4.528024961130181
9830,51.015740803574026,3.6294698250650828
9850,51.044421243003534,3.535967009652099
9170,51.22764907167518,4.119502014366569
4000,50.64100863770039,5.576746544206011
8800,50.94625796358603,3.1177834512642963
3271,50.99895330058122,4.981617466438012
3631,50.9280577168514,5.720700717969127
8500,50.81548648715903,3.276541129725285
6811,49.74608658491904,5.415493330986141
6856,49.854262365690154,5.1582456030194805
6887,49.80995012801415,5.315139327987978
1980,50.987652937553015,4.42957064327596
1760,50.83785020011701,4.077674510624705
7533,50.641652308740106,3.5232791324371178
7090,50.60371814071546,4.131890628017427
9320,50.91524229667714,4.063243126487138
9090,51.00027811930153,3.7964919983728342
4852,50.71799547940604,5.9198675355966826
3471,50.86659404146787,5.00507158453757
3110,50.95663014095065,4.729643203754868
4219,50.60713361162862,5.026554675484
6183,50.46341661415244,4.323267120555157
3540,50.923981647173676,5.18221676878469
6851,49.865694466396626,5.113734146114013
6220,50.47084791169866,4.5358954856785685
1212,50.853812373745676,4.369278654960959
5650,50.24835129550285,4.43827062667041
5334,50.37302188907322,5.072746307457648
3545,50.93999683513806,5.096551633664311
8587,50.736639741135924,3.3809640679863673
8906,50.88168535177004,2.8081336651108164
9890,50.91707954807099,3.7078450201871163
4252,50.654053967275566,5.1982663884154805
7033,50.43375629555613,3.9235572335343907
7940,50.59845750301012,3.8617229296549187
6441,50.20256339867955,4.3528760813818215
2230,51.052403764130105,4.899473338402746
5562,50.21051152192043,5.05952373423188
2861,51.059134417535546,4.575467319838737
2070,51.23137750205675,4.319816188688978
1009,50.87298266192055,4.375234148039785
1048,50.87298266192055,4.375234148039785
4630,50.61859649966731,5.745533226378796
9052,51.00344710907644,3.7083253028608065
4162,50.48680247711935,5.4980820472359975
4650,50.63257057410082,5.838799006571904
4430,50.65833644138832,5.528168774947655
1380,50.683720905648165,4.487230128604433
9931,51.15129887754736,3.54260327297431
4170,50.4756584092423,5.581742754294782
4631,50.646425643526335,5.7032087296498615
4470,50.59670713269878,5.360581366085947
2850,51.09355764030045,4.372901183292752
3080,50.821168109569065,4.504921690627695
1651,50.76610927459038,4.2794918593238735
4802,50.56914523874434,5.879655823611434
6470,50.16398541429335,4.22739285471852
6182,50.44647867483665,4.342232335477467
1310,50.73629996455743,4.464834689100548
3670,51.084279929614404,5.598544655982336
8511,50.77635920318213,3.2240271003500363
3071,50.905095205098974,4.572830760492655
7830,50.6479669266252,3.9393945696011543
1040,50.87298266192055,4.375234148039785
5022,50.51703286547315,4.9080968903714925
8740,50.99261140625523,3.270450267559886
6672,50.203028455680766,5.995047199568529
6970,50.08393238628601,5.4602215163455154
3320,50.78225179814631,4.877610300119027
4180,50.427710260460834,5.5357258086749646
7031,50.42864283297361,4.046531623169427
6222,50.53016995305675,4.563277340296821
1047,50.822325604082295,4.377065860435231
2380,51.37817221543302,5.022773863066916
2020,51.248447820724365,4.376134025032607
5503,50.26088806498371,4.997261792195762
6927,50.06697106261305,5.219646829870623
3454,50.89146669339573,5.157115263174214
9870,50.93514539477177,3.4714136791105457
9060,51.19915619493164,3.8085967931803255
9451,50.88499243738454,3.9811720709385954
7951,50.59062474667933,3.7684146960625102
1007,50.87298266192055,4.375234148039785
1360,50.619095318139706,4.765632118823371
2328,51.47294429226783,4.800455130217273
5504,50.23963348274697,4.987813904353079
8020,51.115614510612126,3.20946687009095
8200,51.19372229465939,3.1708734667446055
6951,50.145729472352265,5.430710856296992
1853,50.90929474624263,4.342915597541709
3461,50.91333849949685,4.942971194176077
6740,49.66464260205263,5.615989158827708
5300,50.470976974644394,5.045737027703342
9552,50.908600221464965,3.889208165923369
4557,50.47689493645064,5.383587116690836
2300,51.3289645417869,4.940164879461028
2370,51.33462182308609,5.085447550635012
6674,50.20775804616796,5.839021360913197
3390,50.93598845337997,4.914815932945844
1600,50.78100238757931,4.2506966915186215
4263,50.640256177451256,5.181623526805403
4190,50.39547917259399,5.633411249954286
4250,50.67482564884707,5.16843188030489
5332,50.351207136545604,4.961712178534264
3740,50.87949887317435,5.509721523877871
4630,50.646425643526335,5.7032087296498615
6140,50.41166595335169,4.322326932134048
7941,50.60955347523937,3.8336833054901907
7350,50.43469662965351,3.7083653814536435
1046,50.87001921742844,4.408236007087518
5530,50.335959831796735,4.980740469908019
5361,50.30908081792327,5.2131611317320825
3990,51.11022210934622,5.454253657474964
1745,50.96521724874241,4.1822995567601176
3294,51.00579392278925,5.029500582529524
9472,50.87453739606754,4.0447930829411956
9680,50.79985672096752,3.6269285276748473
4432,50.6804582190948,5.5072436753673655
3321,50.75921240989309,4.926426805935803
9690,50.77770082468756,3.5422652943080513
9661,50.787756729438186,3.8006573450507704
9080,51.0996990473999,3.831947554237734
4690,50.76497607239577,5.604165228217777
4130,50.529235561214904,5.560415477383841
1031,50.861805515601496,4.38605713534583
1008,50.87298266192055,4.375234148039785
1300,50.72477661519289,4.609958977641858
1420,50.692382997024126,4.35823745489421
5140,50.544450199823686,4.604155625840349
5660,50.02591044841348,4.521200178801961
5570,50.08277879784013,4.915324310356166
3840,50.80126374028137,5.347299861560884
6824,49.71025630475131,5.2693492261193065
3000,50.85734711667344,4.691098755030863
1602,50.80579534061165,4.230714668607756
6060,50.42801704334071,4.485373214118113
6542,50.33861404174617,4.21653934089934
6461,50.077727641354144,4.334215751069693
7532,50.62386386404468,3.5217009090513463
9550,50.85766221605622,3.8867416222453217
9100,51.16368187628335,4.156645019474472
5543,50.16549170513231,4.844595751539798
3583,51.047686051880795,5.173248093354319
3891,50.750593993217784,5.1763269783803185
8550,50.80547297509661,3.339351438011737
8760,50.95105389378751,3.295037936851297
6987,50.225561542216425,5.482531103545013
2381,51.41131354672353,5.0060100753927514
7822,50.6471815598948,3.8439814768590543
1401,50.617663557366754,4.358076642200513
2640,51.17463975833746,4.461040132890298
3450,50.89500693999195,5.10532003006251
7020,50.4951508161205,3.972124117938859
6997,50.291261976609114,5.580717761285836
5621,50.29540777309948,4.565329626632812
5020,50.49563850900468,4.873254627779406
3501,50.87972176549938,5.353051553893263
3950,51.19088890327587,5.587395210052495
6852,49.94920516539996,5.124980525130461
9681,50.78349852701911,3.6038124977970334
4750,50.479812184949694,6.223987444186985
4051,50.60192572212116,5.6339567661787555
7711,50.73438991075176,3.2937990942292363
6210,50.48811219247635,4.470914471459328
7190,50.56896913004575,4.1634062777021885
2490,51.166344406480725,5.189507620442092
2530,51.160670898875395,4.507452123689277
2270,51.13916219772636,4.759935300337723
3470,50.90570825664911,5.056948979369892
9404,50.842928103900576,3.946633269793813
9840,50.978265393100166,3.6850030687203534
9160,51.100245533430055,3.968193939813087
3900,51.20029934000348,5.393398832214905
8870,50.91131070183646,3.2046318970732175
6673,50.1711127756483,5.8712071071348895
6833,49.83100514037023,5.044393996035766
3473,50.913796056286756,5.001710686638424
6812,49.74608658491904,5.415493330986141
3050,50.82968856103344,4.661175687748797
9932,51.13340587981811,3.5474694985779482
9636,50.88835687675334,3.6894723695684046
4711,50.676511019577944,6.036174840569045
4830,50.60246696405553,5.934281847498286
7730,50.68201651214613,3.3018410867010766
7334,50.47317124088612,3.7620000645379954
1457,50.61680143779535,4.692532525665684
1490,50.62644859932748,4.562595910150405
2000,51.248447820724365,4.376134025032607
4141,50.52741912628162,5.717120147431578
7134,50.42207407680261,4.193661361460719
7382,50.38275401924759,3.723392783820701
6600,49.99402420506634,5.778188594148576
1860,50.943740928977,4.325099323868312
4700,50.603595114378116,6.137609316512761
2650,51.1562541917077,4.432829593906586
6831,49.81335395137129,5.107898361138987
6971,50.11753944587284,5.483673473140941
1671,50.78030661666723,4.174912694965389
9111,51.15731459867738,4.089994967950732
9470,50.884211048076374,4.068749078554287
3800,50.798878110258016,5.2274980798927775
3941,51.156731809260286,5.350842696730286
8554,50.76269677519784,3.3518778713429906
8956,50.79001022171517,2.835750526775866
6900,50.21249107184126,5.3662325505714055
3010,50.88954206447257,4.736791897843723
4163,50.496045601679796,5.473824801913659
4450,50.708868602680006,5.547836209240529
4970,50.39359722903743,5.950319171761081
7862,50.7210042912353,3.7749973625661926
6630,49.81114180866708,5.724790024237842
9570,50.78878863358732,3.8431823958137774
7333,50.46581770145303,3.800762342554161
6120,50.32368641321891,4.392363013422629
7506,50.57378705169133,3.3513415277031946
1370,50.717769456989686,4.877544510544012
1852,50.954721858824506,4.363325827639951
8480,51.130084962134525,3.0248478443119233
7021,50.45918696003368,4.044682821851172
6717,49.75420777419082,5.776093147961596
6761,49.55987469152944,5.566885790661556
3140,51.00520268020055,4.654303955797991
8770,50.921458230622584,3.260684729457544
9130,51.29334611618766,4.203171492710529
4300,50.69000743206165,5.253818432923701
4650,50.63955879367363,5.794266605981542
4840,50.65913417375105,5.965981946628496
2930,51.309508592907214,4.5004250280853695
2920,51.398862311960194,4.468685734962266
2180,51.28352081368884,4.4304552890543425
5560,50.182431503215504,5.08287693404777
8450,51.23671218246712,2.9773784952722453
8501,50.85249379414545,3.2340102684744165
8510,50.773491427377515,3.2969354667112425
8551,50.793846078186775,3.3992783979228665
8950,50.73761074793143,2.824419784392634
1652,50.74752884006042,4.328078247271569
3560,50.99602445645074,5.199884737277817
3690,50.93287623158777,5.5754019777598245
6723,49.71862344579244,5.6154254778907715
1880,51.01138982072448,4.366670334804054
1785,50.96497401622396,4.232932989110518
9971,51.19309612643193,3.6356493131868612
4790,50.18191676082769,6.116242106180693
4800,50.59152456135572,5.865875472582388
7943,50.6083969205011,3.89326844668147
1011,50.87298266192055,4.375234148039785
7823,50.635129295259155,3.88836464420893
7061,50.519242244798235,4.04800871255348
1020,50.87298266192055,4.375234148039785
1090,50.881720021988286,4.321383766329789
9570,50.820759323517876,3.837351919604356
9600,50.749709459509745,3.6075931433164605
4624,50.60428331237354,5.665233901405933
4500,50.49945695953772,5.181064535082792
4782,50.28086655228511,6.255547264540821
4260,50.60532373506875,5.175956196264243
8647,50.97051264978583,2.736133320548195
8957,50.759777966611054,2.8975460982504275
6686,50.06338776348134,5.606593809442786
6742,49.64881693322211,5.660868788927638
3012,50.92127141131543,4.707202587569181
5362,50.330503113983866,5.172824713050145
8710,50.91023075205403,3.358850342103825
6972,50.11217509808931,5.554126217508594
2812,51.00884825004317,4.52176968070652
9880,51.09151927680345,3.4195278281906196
9420,50.916766900692416,3.965005574250437
4218,50.52630827143261,5.127824996316248
9551,50.89338772451674,3.9111979185866566
4000,50.59185028437595,5.577531125648646
4347,50.66666070231287,5.405647284829985
4791,50.22469121615678,6.070274992461632
6030,50.41515789568444,4.361351528564767
6099,50.47084791169866,4.5358954856785685
3668,51.01795509171514,5.6127408860109504
8958,50.79093944397671,2.7873658498693037
8980,50.86573873980175,2.979610977650222
1210,50.853812373745676,4.369278654960959
5589,50.15317032593864,5.254754400757525
5575,49.9929545134084,4.885444604221798
6663,50.113443275423265,5.729307367811699
1935,50.88338465440317,4.47820494125249
3090,50.77131194884989,4.532882605153322
1851,50.97142231710905,4.378726002200047
3001,50.85734711667344,4.691098755030863
9930,51.11772486118317,3.561101157171588
4783,50.26463755987939,6.180688245608367
6141,50.431992527152396,4.3214370817388215
7063,50.55742575023612,4.006437199983385
6224,50.47621722958689,4.578579799842651
1180,50.78987082854528,4.361370487792108
8211,51.117200223533914,3.093794529125806
6984,50.14984404058582,5.574347416754611
5680,50.139022948304294,4.6710549870624485
2600,51.19213330584189,4.431973220636266
2221,51.04634221090044,4.7673047365352055
4760,50.34551850347334,6.333485173401631
4171,50.50253136444044,5.573724208598252
3520,50.99193999281114,5.376662200197104
3721,50.867733483119835,5.4309721883501325
9910,51.13162078202465,3.480613447575087
7911,50.685314316780754,3.628571814619295
7810,50.61786635385123,3.8047203981833277
2288,51.16186795577687,4.7365146054743645
7600,50.512024646835705,3.59255320640889
6040,50.444720779004314,4.43508407116947
2491,51.133153313377505,5.1613779824434545
6670,50.1554258444236,5.924095190498312
3018,50.92127141131543,4.707202587569181
3201,51.01109800941638,4.891356263524847
3360,50.82540076878983,4.757466104552368
9520,50.9196479297709,3.850486439705949
7080,50.38578213408955,3.8705385638083722
7743,50.66206016331977,3.3713929733569294
7180,50.526342127372516,4.267552901341413
7011,50.481082162881385,3.901016350641789
6590,50.02162973923655,4.176287709519636
2980,51.26355606407579,4.682858296150449
2960,51.334976678828546,4.607172140109691
2222,51.103700353875695,4.722370017948313
2580,51.04727200735847,4.627238962828943
5336,50.39510851684177,4.996020765701244
3732,50.84206063229594,5.448819241617612
6706,49.65434011124272,5.8619859842148045
4784,50.285770240148786,6.0682953719167765
4920,50.46110254469126,5.670030537118238
4042,50.69186805608346,5.571167772120222
8900,50.81848404852776,2.820689990115551
4340,50.70502524243452,5.441028833197113
2018,51.248447820724365,4.376134025032607
5360,50.34264635676491,5.061870667976435
8920,50.908899940491104,2.9247896783271297
6823,49.63982835133382,5.363443534552545
1500,50.73071382505011,4.240277878728712
9040,51.06701435001319,3.7694068345287524
7050,50.52814330556847,3.918679117161573
1140,50.87001921742844,4.408236007087518
2820,51.027021221986644,4.54466040398519
3730,50.84869483874838,5.4825239806318296
8420,51.246343172418754,3.0238645867311704
8581,50.79966114606921,3.503222554493061
6800,49.966023829437134,5.380064364430568
6922,50.05960656940028,5.131211208965811
1740,50.873253369539526,4.180161626217875
6680,50.00000388003773,5.557721163814337
5544,50.16335709112081,4.792448026629197
3806,50.77914883264713,5.135227965158734
4520,50.54868891995823,5.181242811816953
1332,50.722532048805405,4.500249260661122
2322,51.43142807168572,4.774254142673586
2243,51.198617734043566,4.695739820672819
3202,50.974451211610976,4.895613288808407
3060,50.87014269326936,4.625598414804474
9220,51.089266350478,4.120667785433801
9772,50.88931137033742,3.5577852555788283
4837,50.57275372512368,6.059851595107361
7540,50.65395242995072,3.438963243139209
7618,50.545235304503116,3.3403978981578932
6000,50.41632296870234,4.448541194700186
7380,50.388765845550154,3.692568855595319
1340,50.67146356031946,4.584311991418305
2570,51.095719546804055,4.514141623555746
2830,51.063785840068654,4.360048181748833
2450,51.124534764529855,5.073574387688352
2560,51.14377998437943,4.634965861012082
3680,51.09916661611053,5.703826568360952
8940,50.82465133123318,3.0713792802417728
6637,49.90302132947767,5.698147410667557
7750,50.724482583521386,3.5044545736781334
2323,51.39956728747595,4.80967875034335
3600,50.967174345910735,5.4949237804863404
8572,50.814377568247124,3.494571566290156
6810,49.68602194700267,5.370379239265897
6832,49.81947922854715,5.072301176633269
9450,50.8756806472586,4.0096342861603995
5370,50.35324114383989,5.234149664913023
5032,50.522287433980544,4.7057966491197565
8720,50.94966332294179,3.3924510777041075
8730,51.12979244806573,3.320853323796497
9070,51.02810615197796,3.812266535063497
6511,50.2760472993157,4.279981984073648
8840,50.96684101290582,3.0048781500757906
6700,49.68523319258533,5.7415202000238965
3040,50.81565278621968,4.619809577671658
7040,50.36752867405708,3.9261335279719556
7804,50.677701418566485,3.7553209046098677
4880,50.700486490576935,5.8513589270259025
4831,50.63050028614452,5.922065846350702
5571,50.145229203958436,4.97830552524816
8691,50.976301824160764,2.63603213658728
6870,50.03690455420123,5.313902123517168
2547,51.12769847424817,4.497806447410268
3272,51.01625602737977,4.946307973458278
9112,51.16014232146869,4.029177437791314
9031,51.051202535013374,3.633046770040216
9308,50.9673651621167,4.029669760417315
4351,50.6969029287981,5.341979782980764
6534,50.34868908709587,4.346616190652407
7860,50.70782135153303,3.8276559593212687
6531,50.31812045059716,4.311671935515356
3620,50.89998677041696,5.645659516356118
8850,50.9707202465605,3.204586319277043
6221,50.51075215545845,4.529097147609301
7942,50.61648174771696,3.8531560201932367
1120,50.87298266192055,4.375234148039785
1150,50.83109966996703,4.443103143199102
1331,50.73537497297937,4.546587881040538
9506,50.787052491799976,3.937779364233144
4420,50.629837917805894,5.535060559845203
1473,50.63516214371723,4.44652131973248
2280,51.18510499166731,4.739906950288028
4287,50.712177041056314,5.033101948635712
5372,50.36005581017268,5.341122640429873
8433,51.14935973377296,2.8358811713798677
8810,51.02776706343605,3.1461225981811634
5644,50.288945096747675,4.723851662787109
3510,50.95107161633338,5.25139545968784
8908,50.8470357900288,2.8206986206233813
6820,49.730217343328725,5.184128185589924
1830,50.91134865371077,4.443147468386422
4120,50.53217303794813,5.482227353192982
4651,50.63955879367363,5.794266605981542
4261,50.622509599335125,5.167136948633016
7110,50.474815160866434,4.12138559583128
1470,50.60920472279855,4.448927543402161
2550,51.128476784411255,4.44113168462789
1780,50.90957954247929,4.30932217692078
9185,51.18040422959496,3.8732661150898067
1474,50.62720733860356,4.470868865304241
8640,50.92894644794197,2.745174468977816
8690,51.01476098287005,2.72121062374652
6688,50.0426383250265,5.670351880014501
1742,50.87573299371628,4.1359676324531796
5001,50.46995741568755,4.821762784969388
5000,50.457759547420494,4.854539162275639
3580,51.045748329744264,5.223021187980118
3742,50.85271278619866,5.532850517898544
3791,50.72970119687923,5.883215704808167
5190,50.45878087705008,4.689321690925804
5010,50.457759547420494,4.854539162275639
3945,51.09460290737297,5.133385546739354
8300,51.346651571344495,3.331958012765075
8531,50.89094037278907,3.2901107325128245
4801,50.59238313745336,5.902807377719397
4980,50.35343298613215,5.937157500592078
6001,50.38225363133343,4.440022349479033
7970,50.53491288978105,3.7328113686013142
6042,50.43082543509163,4.445088267227546
1702,50.8724565436475,4.262800821923428
1601,50.78483815859806,4.296779977559773
9831,50.99944078844335,3.6103097552337835
3200,50.98527054969427,4.8343102291469755
9200,51.03696478515703,4.084093700934431
9980,51.232721096844344,3.537156676449163
4990,50.29409301034046,5.794561305962568
4053,50.59057394130485,5.607087043742467
4681,50.71604706559913,5.675361165537338
1050,50.822325604082295,4.377065860435231
2531,51.175995125929624,4.536292285020099
6813,49.707492590823946,5.458886356855338
4458,50.71433424897992,5.5784149471353315
4031,50.59185028437595,5.577531125648646
7034,50.48200388760719,4.00345440389874
6532,50.311942516865784,4.269962571572194
6530,50.3444427429975,4.296923768430381
7500,50.604136689758725,3.389009268205489
7803,50.63179570360427,3.78049228040414
1200,50.84789153612173,4.431541527426499
3850,50.87456504009532,5.193628950060383
9051,51.020835067310294,3.6770404444377904
4342,50.68356624247208,5.455776383600718
6200,50.38361148737189,4.510607244620078
7000,50.456203480863934,3.9685021666591336
5333,50.38965322349175,5.024831035542033
3970,51.12093887157154,5.265840257968899
8650,50.98454557706053,2.9030974565617265
6640,49.911239171143,5.6089347598933355
1570,50.74105581245334,3.9902980751472428
9032,51.115287374583325,3.738386889083249
4367,50.716831389555615,5.402696581101545
4834,50.59872335953817,5.957013126892896
1050,50.829476307319766,4.344697581912635
2500,51.13160180554329,4.561792200549251
4537,50.60516633896076,5.3154057083189175
7850,50.659001835660554,4.036272078129364
7643,50.56623815456898,3.476615438431995
8860,50.885991292634145,3.232021688120187
8953,50.782949599766326,2.902678146003848
1701,50.84856042288083,4.2578958901376485
5060,50.44623070905599,4.632974955181051
5012,50.457759547420494,4.854539162275639
1790,50.91260930190065,4.106537553803077
9406,50.84455637967905,3.9904657170479583
9940,51.12040642924183,3.7075201896052277
9982,51.25944310696155,3.5766214003970918
4680,50.71149221666199,5.611734922005852
4870,50.58736496113965,5.731972613312919
6533,50.323462089031366,4.261483400913289
7120,50.39629094528612,4.095748578678034
7534,50.61105853195004,3.5520671325420774
6540,50.358020372384544,4.266199327463462
7901,50.62058136421661,3.594621384457763
1461,50.64968399763807,4.300030197749638
2840,51.10462897076046,4.407466354353447
4672,50.69333591033592,5.707331819981653
4451,50.68931739251802,5.548125535686045
6462,50.06370274451575,4.364589916088016
4577,50.477535782778155,5.2879021079343005
4260,50.61047819822582,5.115731505060568
5024,50.49074420495649,4.962847303886857
3724,50.83027442474485,5.422309843662548
3746,50.86640062480266,5.5493058423195345
8301,51.31166474283851,3.2588654806261412
8421,51.26258540478536,3.062663199459585
1931,50.892944354955446,4.445229932624749
3130,50.99502244496066,4.785669137790253
3971,51.112588547157614,5.229498754954051
6743,49.64012347764595,5.598438096005902
3221,50.947958829092094,4.831013953272166
7032,50.42411866903341,3.9905448121212914
2910,51.44950433077206,4.465890207947531
2990,51.391851170056874,4.565707127709544
9230,51.00236028375542,3.8707194000984635
9260,51.00798150472708,3.936369060878192
4100,50.58496196593964,5.508048762890354
9255,51.00801606329608,4.192866346755479
4052,50.561812680638766,5.63741733618252
4633,50.64349886118655,5.745352632484007
7742,50.69337538023613,3.3689264479109804
5353,50.452469672410466,5.208424610080438
7390,50.43631602049697,3.86194835965052
7133,50.37988564802503,4.202423169562303
2540,51.147212966513656,4.482310085349264
2290,51.21766611526779,4.772892306400321
6724,49.72469658214863,5.584882988483655
9050,51.03750198876654,3.7710482317047225
4771,50.363509214258855,6.223039487389554
6593,49.977320436172576,4.1988746354359785
6596,49.97898648422563,4.269644953625766
7781,50.78946756486205,2.966798613727431
1421,50.65760296310933,4.339701935206512
2100,51.215898155997046,4.46823712928013
3191,50.9849690381292,4.542268865741871
1080,50.85522961973389,4.318418678989754
2880,51.09084846028838,4.228201007273273
4780,50.33201406836701,6.036229494728144
7880,50.75357491255145,3.731663175948145
6530,50.30332639911263,4.247028109916089
6592,50.031929456819185,4.224103116240292
5350,50.441864713360246,5.147327658298041
6780,49.631621783058776,5.839067589370517
8470,51.1562401145374,2.9597453837462373
8580,50.77754918828237,3.4483560009053003
1761,50.84979781140373,4.1277646012156515
4254,50.65619859696325,5.175652517689511
6440,50.133096318864645,4.3494113497929074
1044,50.861805515601496,4.38605713534583
2099,51.248447820724365,4.376134025032607
2220,51.06268641706418,4.72968659576947
2250,51.16347229635089,4.885612822364903
9921,51.085020282418405,3.639645638711476
4099,50.67575138439455,5.469467996585815
1341,50.660622122467714,4.5341919461924025
1934,50.892944354955446,4.445229932624749
9667,50.825598023975324,3.6997802610882604
4452,50.72529589978149,5.501118983612095
4210,50.58456128801683,5.092973955562719
7801,50.621365169904074,3.753921100362554
7811,50.61902074525225,3.821598681364686
6031,50.41682879063639,4.376855591954091
7782,50.72755766166643,2.8780756030848824
6591,50.036243994263806,4.206042073482571
1110,50.87298266192055,4.375234148039785
8573,50.812531400589315,3.4653295400956363
1980,50.96088753393642,4.442577358408958
7641,50.55998570298441,3.4260710273518886
1472,50.62507941120234,4.412997016590901
2200,51.183255497155216,4.831562156337345
2940,51.337978875586835,4.36993960452919
5541,50.2078836754068,4.832756422482895
3831,50.827012457782146,5.332926888163778
8370,51.29837935392511,3.14160121764503
8680,51.09021185685532,2.9722168338691484
1831,50.892944354955446,4.445229932624749
4720,50.72570477776681,6.012157629321648
7322,50.4765234583893,3.733485175395442
6043,50.455291567001304,4.482185655871988
1040,50.83298255184288,4.394600605024559
9075,51.115287374583325,3.738386889083249
9961,51.25601063121515,3.71047142445394
9990,51.19958507615239,3.4327722449576346
1741,50.855789286666194,4.155622977848159
1982,50.967822951963036,4.503548665909508
9620,50.86893462600802,3.790568577398006
4845,50.50986541186604,5.950080404670834
7340,50.41357901065898,3.837522601240584
1012,50.87298266192055,4.375234148039785
1495,50.549583794306336,4.535360186118476
2430,51.08791988851712,5.0461260886208406
5574,50.08885978622481,5.0034189402375535
6741,49.66704544782038,5.669204381387059
1930,50.88338465440317,4.47820494125249
8900,50.855344107999336,2.8957068009838367
6704,49.71240298450457,5.8586753191074585
1800,50.93012891009888,4.428578360497885
1840,51.014505411782686,4.296428516201441
1170,50.79291924189043,4.423479931708108
1471,50.594766353469524,4.4335308077062585
6830,49.83770446341737,5.0020138514899415
6941,50.37761023713464,5.525863186340421
9992,51.251803237430686,3.4080986433831844
4983,50.35983789190931,5.804821970618819
4030,50.62614473189009,5.611819695855508
4684,50.73584797043918,5.659160032334298
7181,50.56357491577711,4.239812278948863
7760,50.7071975803299,3.456200534307307
7912,50.71244851530913,3.6069982531020446
1160,50.81019872509648,4.43799132057269
5521,50.25727471143225,4.776379391331089
8952,50.76688542530164,2.8421536091117092
7780,50.784876378600636,2.99734556351623
5376,50.36785139207581,5.243183871046597
6671,50.22726344766786,5.92961403178149
4102,50.59505274799415,5.5464915208551835
6240,50.43504749697217,4.548899555935839
6041,50.469348178772314,4.443036647141276
8851,51.006944651303314,3.1996567967432394
9750,50.904546303248395,3.602442710188111
4860,50.55726408880471,5.798373353668578
7863,50.73567380125361,3.8052955450143426
6460,50.07867277426734,4.274520828596977
7700,50.745880794857555,3.215028338180876
5630,50.19005868117103,4.433892293802589
8377,51.24088195427637,3.109097150981669
8432,51.16749162383475,2.8811201736596774
6838,49.79527943567343,5.017588453111326
6924,50.05230404659848,5.085140043949813
1630,50.76794587216992,4.345414125035608
3350,50.811992920375054,5.02121613805768
4710,50.67881290433241,5.991143312332854
7531,50.62156794125197,3.4739562588474113
9250,51.118651482590245,4.0748651273348475
4590,50.44011299060317,5.478514951977716
4606,50.69538651900576,5.750496866721882
3590,50.91148333449561,5.417426449396492
3722,50.855692119449934,5.409332424911175
6840,49.8424024694399,5.431672182519433
7504,50.58098203970654,3.3303814103708587
3472,50.89424346153927,5.0063731488353715
3212,50.8747668407872,4.7900296902561985
1640,50.744496059136004,4.373732794655721
1540,50.722404957481096,4.03604040962386
4632,50.65314739422452,5.722308262380486
7510,50.602611637589625,3.347229563836705
7100,50.48132422290698,4.19011154300274
3118,50.974437446459724,4.707853684749772
5377,50.296262885971046,5.303213461804268
5081,50.53704044788278,4.775332482316229
6821,49.742933997928546,5.298180861291905
6834,49.839895206995465,5.119076371486765
6250,50.416649525281294,4.591784707468043
6560,50.30024640277612,4.145436326314291
1320,50.78029938291994,4.7850703687239395
7610,50.55274565455217,3.3063522199192126
7522,50.61171026009968,3.2915790330161814
7906,50.6037200753987,3.5741670821583895
2040,51.34298198470965,4.298111097530031
4217,50.549412522627364,5.090143739876208
5354,50.43725613016662,5.186497398257584
5021,50.493364500178885,4.930964293946384
1770,50.866522312514626,4.09303583540632
1981,50.99295390689466,4.502914696762615
5003,50.49450203349887,4.846938613127187
6661,50.159261224130894,5.785887742892076
1933,50.85654613816079,4.510708348249879
4861,50.591685643353806,5.785595501682936
7140,50.45668408944778,4.236149898184558
6061,50.40703507741261,4.474362856677057
1325,50.67844529926434,4.711227589915237
1440,50.67878793707231,4.268277717247763
2390,51.28881699322618,4.743920598152036
7861,50.69629991312962,3.7873374933022106
7131,50.404053619435395,4.150309924021009
1130,50.87298266192055,4.375234148039785
2360,51.32073392547652,5.004371318046827
6692,50.28124402586553,5.988170180603465
6980,50.15622908507213,5.522423987166039
3530,51.030095988663966,5.4215253160211265
3798,50.76051302436153,5.77243333760869
8792,50.88478823206576,3.3677549097404054
9521,50.931386568796505,3.8742597152450755
4357,50.65092325546578,5.309581732627891
1730,50.909272565714325,4.186788555395837
9688,50.78995440054331,3.6830242329156384
5523,50.279590825418595,4.857621564582526
8954,50.79934939433776,2.7437920011764887
8970,50.853593199911806,2.71933380201441
3054,50.82209967822467,4.688803551561262
9991,51.18218511767298,3.502766008215296
9180,51.18224611521425,3.9450631009265
6142,50.38772819346952,4.321438240901546
2321,51.452321282795396,4.727615310693475
9790,50.86191054804526,3.5005613467294294
4650,50.69098820020856,5.771891439181935
4770,50.35694653199721,6.13522075073925
7910,50.68754560428395,3.530466499652594
1049,50.87001921742844,4.408236007087518
2590,51.10495876136289,4.654716228104271
5560,50.172628492844844,4.968684555520797
5363,50.335160801619345,5.113867500779082
5651,50.29549130048675,4.455249275038879
5030,50.56226114863281,4.697014729356807
3660,51.04035063845221,5.57135925539233
3370,50.83055983736094,4.826380661577238
5540,50.2078836754068,4.832756422482895
3582,51.07062776310164,5.28067689900486
8570,50.84340914962332,3.464043077530356
9190,51.21058097517089,4.018028609943872
4161,50.50232901763118,5.512449688843039
4257,50.712009582693646,5.210981477843381
6210,50.53834844566403,4.445996016740626
7802,50.58665419458767,3.7293017141190106
1033,50.861805515601496,4.38605713534583
1043,50.861805515601496,4.38605713534583
6660,50.1553599185884,5.681868604193096
3052,50.82559015169222,4.710276094943632
1673,50.733790299411545,4.181339451829367
3720,50.86601338435881,5.3782910830164745
6687,50.08988048136106,5.678127382385678
4540,50.55255963122397,5.311435799134499
4602,50.68354687061111,5.67580876014664
6032,50.382584915377535,4.409596474775443
7513,50.637541773166404,3.3845370472413023
7971,50.54061455452053,3.6564991592089098
7160,50.471307819925876,4.282857249459756
1035,50.861805515601496,4.38605713534583
3500,50.93340823156662,5.3539234872135655
3920,51.225583998505414,5.302058606362873
1620,50.79350285511121,4.3090488169548555
612,,
5502,50.28599157049045,4.992689154104473
6940,50.324817507035,5.418311627470638
9280,50.99414481507905,4.137729814030584
4851,50.74698777915346,5.97976403510126
4701,50.65021570484307,6.0495715672490125
1030,50.861805515601496,4.38605713534583
1450,50.57826594178644,4.618303657381869
4621,50.62899679344338,5.698379831248319
7623,50.50608146948224,3.38554306737723
6020,50.41727752258545,4.426930454280802
7601,50.52937405342307,3.586478486826305
2610,51.16429714238415,4.387893089723031
9340,50.957953814619216,3.942331671334093
9981,51.270401617861964,3.5397930596762
9500,50.75631465402039,3.8691914611452813
4821,50.61429464831296,5.884105409196777
5590,50.25624897081881,5.122824767561598
8310,51.21677335757064,3.2724169340982785
8660,51.0704142079429,2.5945876048058936
8820,51.062335838080806,3.095483897636927
6850,49.89790501802281,5.128141991092279
6790,49.56583399531406,5.804527562249287
3000,50.8810526792466,4.69569641887135
3220,50.921265751787175,4.796491715207058
1861,50.97336092889476,4.309022344671084
1755,50.77856023753248,4.125487211137745
7022,50.40949604031477,4.020935214580339
1400,50.591388384222846,4.327273956190343
7800,50.63179570360427,3.78049228040414
6986,50.173774460280164,5.508984278009601
6463,50.0728761381687,4.382626355226494
8902,50.833226269872256,2.9323899166643654
1083,50.87440457885052,4.309447398997361
1190,50.814084975691195,4.324177215886155
8540,50.842562692188935,3.366165828303196
4041,50.69093418992845,5.594986028388135
7973,50.506654719989385,3.7278930133097457
7030,50.43872268944256,4.013831231106731
3870,50.7480248373796,5.306318367766914
8890,50.88759693424778,3.0741597685235034
3078,50.87197687503428,4.5607874765310115
7538,50.572528257787404,3.508473443089577
5020,50.46106075009524,4.8034428349936995
6791,49.57086993737889,5.844003703149036
6960,50.30006951081897,5.6511780487737715
4820,50.613315193492284,5.854411888490793
7024,50.412633442688026,3.9451466052179596
7012,50.45206420035348,3.8964343000960744
4400,50.593410925357574,5.430129978484226
4121,50.55426996412121,5.469915430146981
4890,50.67156235459628,5.878938014018685
7331,50.48388325647103,3.841110674109011
1350,50.682127504134996,4.943561142913658
2242,51.22691252263992,4.706119439268822
5670,50.06128545825886,4.607604903151012
8951,50.76103699521742,2.794145665700685
6721,49.76799730607734,5.620096176696785
3380,50.87384458226342,4.952022082423206
